<?xml version="1.0" encoding="UTF-8" standalone="yes"?>
<scenario id="{E08F713C-2719-4974-B2F8-4A603E0465FC}" instanceId="{4CACDA3B-805A-4A2A-B025-B2A74E325E0F}" apidriven="1">
  <triggers />
  <metadata_elements>
    <metadata name="_isacon" value="0" />
    <metadata name="_iscontinuumsessionactive" value="0" />
    <metadata name="_isescalationinprogress" value="1" />
    <metadata name="_iskerneldebuggerpresent" value="0" />
    <metadata name="_lastapplicationinstalltime" value="0" />
    <metadata name="_lastboottime" value="132192685805000000" />
    <metadata name="_lastdevicearrivalremovaltime" value="0" />
    <metadata name="_lastlogontime" value="132192686006964237" />
    <metadata name="_lastpowersourcechangetime" value="0" />
    <metadata name="_lastresumefromhibernatetime" value="0" />
    <metadata name="_lastresumefromstandbytime" value="0" />
    <metadata name="_lastsuccessfulrefreshtime" value="0" />
    <metadata name="_lastunlocktime" value="132192686140178824" />
    <metadata name="_timesinceosinstall" value="58564509343288" />
  </metadata_elements>
</scenario>