{"escalation":{"metadata":{"scenario":{"id":"E08F713C-2719-4974-B2F8-4A603E0465FC","instanceid":"4CACDA3B-805A-4A2A-B025-B2A74E325E0F","escalationtype":"complete"},"onetrace":{"owned":false,"throttled":false,"loggernames":[]},"summary":{"totaldurationticksms":547,"totaldurationubims":542}},"actions":[{"staticinfo":{"ty":5,"n":"get info T0FolderPath","pt":"$(T0,FolderPath)"},"source":0,"ignorefailure":false,"dynamicinfo":{"files":[{"name":"get info T0FolderPath\\{4c9f86ef-4df6-4897-a3ec-183e7bcd8144}\\UIF_FeedbackItem.json","type":65535},{"name":"get info T0FolderPath\\{4c9f86ef-4df6-4897-a3ec-183e7bcd8144}\\UIF_SubmissionId.txt","type":65535}]},"result":0,"durationticksms":15,"durationubims":16},{"staticinfo":{"ty":19,"n":"Snap Trace GMD","ph":2252789712117},"source":0,"ignorefailure":false,"dynamicinfo":{"files":[{"name":"Snap Trace GMD\\trace.etl","type":2},{"name":"Snap Trace GMD\\WPR_initiated_DiagTrackAlternativeLogger_DiagTrack_cbc9ce8842c74b7dae67abec03afc6fd_0.etl","type":2}]},"result":0,"durationticksms":422,"durationubims":422},{"staticinfo":{"ty":28,"n":"Stop Trace GMD","tid":"C857A05E-E95C-4168-96A5-93E7943C0F72","ph":2252789712117},"source":0,"ignorefailure":false,"dynamicinfo":{},"result":0,"durationticksms":110,"durationubims":101}]}}